fighter_a,fighter_b,segment,odds_a,odds_b
Magomed Ankalaev,Bogdan Guskov,Estelar (LHW 5R),1.44,2.85
Steve Erceg,Ramazan Temirov,Co-estelar (FLY),1.62,2.35
Islam Dulatov,Wellington Turman,Principal (WW),1.30,3.60
Magomed Zaynukov,Damian Rzepecki,Principal (LW),1.55,2.50
Rizvan Kuniev,Tyrell Fortune,Principal (HW),1.40,3.00
Abubakar Vagaev,Saygid Izagakhmaev,Principal (WW),2.10,1.75
Valter Walker,Thomas Petersen,Prelim (HW),1.66,2.25
Dustin Jacoby,Muhammad Saidov,Prelim (LHW),3.20,1.36
Santiago Ponzinibbio,Sam Patterson,Prelim (WW),2.40,1.58
Ismael Bonfim,Axel Sola,Prelim (LW),1.50,2.62
Brendson Ribeiro,Magomed Tuchalov,Prelim (LHW),2.05,1.80
Nurullo Aliev,Mike Davis,Prelim (LW),1.36,3.20
